Date,Gold (USD/Ounce),USD_Index,S&P500,Crude_Oil (USD/Thùng)
12/29/2020,48,90.01000214,1879.699951,3727.040039
12/30/2020,48.40000153,89.62999725,1891,3732.040039
12/31/2020,48.52000046,89.94000244,1893.099976,3756.070068
1/4/2021,47.61999893,89.87999725,1944.699951,3700.649902
1/5/2021,49.93000031,89.44000244,1952.699951,3726.860107
1/6/2021,50.63000107,89.52999878,1906.900024,3748.139893
1/7/2021,50.83000183,89.83000183,1912.300049,3803.790039
1/8/2021,52.24000168,90.09999847,1834.099976,3824.679932
1/11/2021,52.25,90.54000092,1849.599976,3799.610107
1/12/2021,53.20999908,90.05000305,1842.900024,3801.189941
1/13/2021,52.90999985,90.31999969,1853.599976,3809.840088
1/14/2021,53.56999969,90.23999786,1850.300049,3795.540039
1/15/2021,52.36000061,90.77999878,1829.300049,3768.25
1/19/2021,52.97999954,90.5,1839.5,3798.909912
1/20/2021,53.24000168,90.47000122,1865.900024,3851.850098
1/21/2021,53.13000107,90.12999725,1865.300049,3853.070068
1/22/2021,52.27000046,90.23999786,1855.699951,3841.469971
1/25/2021,52.77000046,90.38999939,1854.900024,3855.360107
1/26/2021,52.61000061,90.16999817,1850.699951,3849.620117
1/27/2021,52.84999847,90.65000153,1844.900024,3750.77002
1/28/2021,52.34000015,90.45999908,1837.900024,3787.379883
1/29/2021,52.20000076,90.58000183,1847.300049,3714.23999
2/1/2021,53.54999924,91.01999664,1860.800049,3773.860107
2/2/2021,54.75999832,91.19999695,1830.5,3826.310059
2/3/2021,55.68999863,91.12000275,1832.199951,3830.169922
2/4/2021,56.22999954,91.52999878,1788.900024,3871.73999
2/5/2021,56.84999847,91.04000092,1810.900024,3886.830078
2/8/2021,57.97000122,90.93000031,1831.900024,3915.590088
2/9/2021,58.36000061,90.44000244,1835.300049,3911.22998
2/10/2021,58.68000031,90.37000275,1840.599976,3909.879883
2/11/2021,58.24000168,90.41999817,1824.900024,3916.379883
2/12/2021,59.47000122,90.48000336,1821.599976,3934.830078
2/16/2021,60.04999924,90.51000214,1797.199951,3932.590088
2/17/2021,61.13999939,90.94999695,1771.099976,3931.330078
2/18/2021,60.52000046,90.58999634,1773.400024,3913.969971
2/19/2021,59.24000168,90.36000061,1775.800049,3906.709961
2/22/2021,61.49000168,90.01000214,1806.699951,3876.5
2/23/2021,61.66999817,90.16999817,1804.400024,3881.370117
2/24/2021,63.22000122,90.18000031,1796.400024,3925.429932
2/25/2021,63.52999878,90.12999725,1774.400024,3829.340088
2/26/2021,61.5,90.93000031,1728.099976,3811.149902
3/1/2021,60.63999939,91.04000092,1722.5,3901.820068
3/2/2021,59.75,90.79000092,1733.099976,3870.290039
3/3/2021,61.27999878,90.94999695,1715.300049,3819.719971
3/4/2021,63.83000183,91.62999725,1700.199951,3768.469971
3/5/2021,66.08999634,91.98000336,1698,3841.939941
3/8/2021,65.05000305,92.30999756,1677.699951,3821.350098
3/9/2021,64.01000214,91.95999908,1716.599976,3875.439941
3/10/2021,64.44000244,91.79000092,1721.5,3898.810059
3/11/2021,66.01999664,91.41999817,1722.300049,3939.340088
3/12/2021,65.61000061,91.68000031,1719.5,3943.340088
3/15/2021,65.38999939,91.83000183,1728.900024,3968.939941
3/16/2021,64.80000305,91.87000275,1730.599976,3962.709961
3/17/2021,64.59999847,91.40000153,1726.800049,3974.120117
3/18/2021,60,91.84999847,1732.199951,3915.459961
3/19/2021,61.41999817,91.91999817,1741.400024,3913.100098
3/22/2021,61.54999924,91.80000305,1737.800049,3940.590088
3/23/2021,57.75999832,92.33999634,1724.699951,3910.52002
3/24/2021,61.18000031,92.52999878,1732.900024,3889.139893
3/25/2021,58.56000137,92.87999725,1724.900024,3909.52002
3/26/2021,60.97000122,92.76999664,1732.199951,3974.540039
3/29/2021,61.56000137,92.94000244,1712.099976,3971.090088
3/30/2021,60.54999924,93.30000305,1683.900024,3958.550049
3/31/2021,59.15999985,93.23000336,1713.800049,3972.889893
4/1/2021,61.45000076,92.93000031,1726.5,4019.870117
4/5/2021,58.65000153,92.59999847,1727,4077.909912
4/6/2021,59.33000183,92.33999634,1741.5,4073.939941
4/7/2021,59.77000046,92.45999908,1740.099976,4079.949951
4/8/2021,59.59999847,92.05999756,1756.800049,4097.169922
4/9/2021,59.31999969,92.16000366,1743.300049,4128.799805
4/12/2021,59.70000076,92.13999939,1731.199951,4127.990234
4/13/2021,60.18000031,91.84999847,1746.199951,4141.589844
4/14/2021,63.15000153,91.69000244,1734.900024,4124.660156
4/15/2021,63.45999908,91.66999817,1765.400024,4170.419922
4/16/2021,63.13000107,91.55999756,1779,4185.470215
4/19/2021,63.38000107,91.06999969,1769.400024,4163.259766
4/20/2021,62.43999863,91.23999786,1777.300049,4134.939941
4/21/2021,61.34999847,91.16000366,1792.300049,4173.419922
4/22/2021,61.43000031,91.33000183,1781.199951,4134.97998
4/23/2021,62.13999939,90.86000061,1777,4180.169922
4/26/2021,61.90999985,90.80999756,1779.199951,4187.620117
4/27/2021,62.93999863,90.91000366,1778,4186.720215
4/28/2021,63.86000061,90.61000061,1773.199951,4183.180176
4/29/2021,65.01000214,90.61000061,1768.099976,4211.470215
4/30/2021,63.58000183,91.27999878,1767.300049,4181.169922
5/3/2021,64.48999786,90.94999695,1791.400024,4192.660156
5/4/2021,65.69000244,91.29000092,1775.800049,4164.660156
5/5/2021,65.62999725,91.30999756,1784.099976,4167.589844
5/6/2021,64.70999908,90.94999695,1815.5,4201.620117
5/7/2021,64.90000153,90.23000336,1831.099976,4232.600098
5/10/2021,64.91999817,90.20999908,1837.5,4188.430176
5/11/2021,65.27999878,90.13999939,1835.900024,4152.100098
5/12/2021,66.08000183,90.70999908,1822.599976,4063.040039
5/13/2021,63.81999969,90.75,1823.800049,4112.5
5/14/2021,65.37000275,90.31999969,1837.900024,4173.850098
5/17/2021,66.26999664,90.22000122,1867.5,4163.290039
5/18/2021,65.48999786,89.75,1867.800049,4127.830078
5/19/2021,63.36000061,90.19000244,1881.300049,4115.680176
5/20/2021,62.04999924,89.80999756,1881.800049,4159.120117
5/21/2021,63.58000183,90.01999664,1876.699951,4155.859863
5/24/2021,66.05000305,89.83000183,1884.599976,4197.049805
5/25/2021,66.06999969,89.63999939,1898.099976,4188.129883
5/26/2021,66.20999908,90.04000092,1901.300049,4195.990234
5/27/2021,66.84999847,89.97000122,1895.699951,4200.879883
5/28/2021,66.31999969,90.02999878,1902.5,4204.109863
6/1/2021,67.72000122,89.83000183,1902.900024,4202.040039
6/2/2021,68.83000183,89.90000153,1907.5,4208.120117
6/3/2021,68.80999756,90.5,1871.199951,4192.850098
6/4/2021,69.62000275,90.13999939,1889.800049,4229.890137
6/7/2021,69.23000336,89.94999695,1896.800049,4226.52002
6/8/2021,70.05000305,90.08000183,1892.199951,4227.259766
6/9/2021,69.95999908,90.12000275,1893.199951,4219.549805
6/10/2021,70.29000092,90.08000183,1894.199951,4239.180176
6/11/2021,70.91000366,90.55999756,1877.400024,4247.439941
6/14/2021,70.87999725,90.51999664,1864,4255.149902
6/15/2021,72.12000275,90.54000092,1854.5,4246.589844
6/16/2021,72.15000153,91.12999725,1859.5,4223.700195
6/17/2021,71.04000092,91.88999939,1773.800049,4221.859863
6/18/2021,71.63999939,92.23000336,1767.900024,4166.450195
6/21/2021,73.66000366,91.86000061,1781.800049,4224.790039
6/22/2021,73.05999756,91.73000336,1776.300049,4246.439941
6/23/2021,73.08000183,91.80000305,1782.300049,4241.839844
6/24/2021,73.30000305,91.81999969,1775.599976,4266.490234
6/25/2021,74.05000305,91.80999756,1776.599976,4280.700195
6/28/2021,72.91000366,91.87999725,1779.599976,4290.609863
6/29/2021,72.98000336,92.05000305,1762.800049,4291.799805
6/30/2021,73.47000122,92.44000244,1770.800049,4297.5
7/1/2021,75.23000336,92.59999847,1775.900024,4319.939941
7/2/2021,75.16000366,92.23000336,1782.599976,4352.339844
7/6/2021,73.37000275,92.55000305,1793.5,4343.540039
7/7/2021,72.19999695,92.63999939,1801.5,4358.129883
7/8/2021,72.94000244,92.36000061,1799.599976,4320.819824
7/9/2021,74.55999756,92.12999725,1810,4369.549805
7/12/2021,74.09999847,92.23000336,1805.5,4384.629883
7/13/2021,75.25,92.75,1809.400024,4369.209961
7/14/2021,73.12999725,92.41000366,1824.300049,4374.299805
7/15/2021,71.65000153,92.62000275,1828.400024,4360.029785
7/16/2021,71.80999756,92.69000244,1814.5,4327.160156
7/19/2021,66.41999817,92.88999939,1808.699951,4258.490234
7/20/2021,67.41999817,92.97000122,1810.900024,4323.060059
7/21/2021,70.30000305,92.75,1802.900024,4358.689941
7/22/2021,71.91000366,92.81999969,1805,4367.47998
7/23/2021,72.06999969,92.91000366,1801.400024,4411.790039
7/26/2021,71.91000366,92.65000153,1798.699951,4422.299805
7/27/2021,71.65000153,92.43000031,1799.5,4401.459961
7/28/2021,72.38999939,92.31999969,1799.5,4400.640137
7/29/2021,73.62000275,91.86000061,1831.199951,4419.149902
7/30/2021,73.94999695,92.16999817,1812.599976,4395.259766
8/2/2021,71.26000214,92.05000305,1818.099976,4387.160156
8/3/2021,70.55999756,92.08000183,1810.099976,4423.149902
8/4/2021,68.15000153,92.26999664,1810.5,4402.660156
8/5/2021,69.08999634,92.23999786,1805.099976,4429.100098
8/6/2021,68.27999878,92.80000305,1760,4436.52002
8/9/2021,66.48000336,92.94999695,1723.400024,4432.350098
8/10/2021,68.29000092,93.05999756,1728.800049,4436.75
8/11/2021,69.25,92.91000366,1750.400024,4442.410156
8/12/2021,69.08999634,93.04000092,1749,4460.830078
8/13/2021,68.44000244,92.51999664,1775.199951,4468
8/16/2021,67.29000092,92.62999725,1786.900024,4479.709961
8/17/2021,66.58999634,93.12999725,1785,4448.080078
8/18/2021,65.45999908,93.13999939,1781.599976,4400.27002
8/19/2021,63.68999863,93.56999969,1780.199951,4405.799805
8/20/2021,62.31999969,93.5,1781,4441.669922
8/23/2021,65.63999939,92.95999908,1803.199951,4479.529785
8/24/2021,67.54000092,92.88999939,1805.599976,4486.22998
8/25/2021,68.36000061,92.83000183,1788.199951,4496.189941
8/26/2021,67.41999817,93.05999756,1792.199951,4470
8/27/2021,68.73999786,92.69000244,1816.599976,4509.370117
8/30/2021,69.20999908,92.65000153,1809,4528.790039
8/31/2021,68.5,92.62999725,1815,4522.680176
9/1/2021,68.58999634,92.44999695,1813.099976,4524.089844
9/2/2021,69.98999786,92.23000336,1808.699951,4536.950195
9/3/2021,69.29000092,92.04000092,1830.900024,4535.430176
9/7/2021,68.34999847,92.51999664,1795.900024,4520.029785
9/8/2021,69.30000305,92.65000153,1790.699951,4514.069824
9/9/2021,68.13999939,92.48000336,1797.400024,4493.279785
9/10/2021,69.72000122,92.58000183,1789.599976,4458.580078
9/13/2021,70.44999695,92.62000275,1792,4468.72998
9/14/2021,70.45999908,92.65000153,1804.699951,4443.049805
9/15/2021,72.61000061,92.48999786,1792.400024,4480.700195
9/16/2021,72.61000061,92.86000061,1754.599976,4473.75
9/17/2021,71.97000122,93.19999695,1749.400024,4432.990234
9/20/2021,70.29000092,93.23999786,1761.800049,4357.72998
9/21/2021,70.55999756,93.19999695,1776,4354.189941
9/22/2021,72.23000336,93.45999908,1776.699951,4395.640137
9/23/2021,73.30000305,93.09999847,1747.699951,4448.97998
9/24/2021,73.98000336,93.33000183,1749.699951,4455.47998
9/27/2021,75.44999695,93.37999725,1750,4443.109863
9/28/2021,75.29000092,93.76999664,1735.800049,4352.629883
9/29/2021,74.83000183,94.33999634,1721.5,4359.459961
9/30/2021,75.02999878,94.25,1755.300049,4307.540039
10/1/2021,75.87999725,94.04000092,1757,4357.040039
10/4/2021,77.62000275,93.80999756,1766.199951,4300.459961
10/5/2021,78.93000031,93.98000336,1759.599976,4345.720215
10/6/2021,77.43000031,94.26999664,1760.5,4363.549805
10/7/2021,78.30000305,94.22000122,1757.900024,4399.759766
10/8/2021,79.34999847,94.06999969,1756.300049,4391.339844
10/11/2021,80.51999664,94.31999969,1754.599976,4361.189941
10/12/2021,80.63999939,94.51999664,1758.300049,4350.649902
10/13/2021,80.44000244,94.08000183,1793.699951,4363.799805
10/14/2021,81.30999756,93.95999908,1796.699951,4438.259766
10/15/2021,82.27999878,93.94000244,1767.199951,4471.370117
10/18/2021,82.44000244,93.94999695,1764.800049,4486.459961
10/19/2021,82.95999908,93.79000092,1769.699951,4519.629883
10/20/2021,83.87000275,93.55999756,1784.099976,4536.189941
10/21/2021,82.5,93.76999664,1781.199951,4549.779785
10/22/2021,83.76000214,93.61000061,1795.5,4544.899902
10/25/2021,83.76000214,93.80999756,1806,4566.47998
10/26/2021,84.65000153,93.94999695,1792.699951,4574.790039
10/27/2021,82.66000366,93.86000061,1797.900024,4551.680176
10/28/2021,82.80999756,93.34999847,1801.599976,4596.419922
10/29/2021,83.56999969,94.12000275,1783,4605.379883
11/1/2021,84.05000305,93.87999725,1795.099976,4613.669922
11/2/2021,83.91000366,94.08999634,1788.699951,4630.649902
11/3/2021,80.86000061,93.86000061,1763.599976,4660.569824
11/4/2021,78.80999756,94.34999847,1793,4680.060059
11/5/2021,81.26999664,94.31999969,1816.400024,4697.529785
11/8/2021,81.93000031,94.05000305,1827.400024,4701.700195
11/9/2021,84.15000153,93.95999908,1830.199951,4685.25
11/10/2021,81.33999634,94.84999847,1847.599976,4646.709961
11/11/2021,81.58999634,95.18000031,1863.199951,4649.27002
11/12/2021,80.79000092,95.12999725,1867.900024,4682.850098
11/15/2021,80.87999725,95.41000366,1866.099976,4682.799805
11/16/2021,80.76000214,95.91999817,1853.599976,4700.899902
11/17/2021,78.36000061,95.83000183,1869.699951,4688.669922
11/18/2021,79.01000214,95.54000092,1861,4704.540039
11/19/2021,76.09999847,96.06999969,1851.199951,4697.959961
11/22/2021,76.75,96.5,1806,4682.939941
11/23/2021,78.5,96.48999786,1783.5,4690.700195
11/24/2021,78.38999939,96.83999634,1784.099976,4701.459961
11/26/2021,68.15000153,96.08999634,1785.300049,4594.620117
11/29/2021,69.94999695,96.33999634,1782.300049,4655.27002
11/30/2021,66.18000031,95.98999786,1773.599976,4567
12/1/2021,65.56999969,96.05000305,1781.599976,4513.040039
12/2/2021,66.5,96.12999725,1760.699951,4577.100098
12/3/2021,66.26000214,96.12000275,1782,4538.430176
12/6/2021,69.48999786,96.29000092,1777.5,4591.669922
12/7/2021,72.05000305,96.37000275,1782.599976,4686.75
12/8/2021,72.36000061,95.88999939,1783.400024,4701.209961
12/9/2021,70.94000244,96.26999664,1774.599976,4667.450195
12/10/2021,71.66999817,96.05000305,1782.900024,4712.02002
12/13/2021,71.29000092,96.31999969,1786.300049,4668.970215
12/14/2021,70.73000336,96.56999969,1770.400024,4634.089844
12/15/2021,70.87000275,96.51000214,1762.599976,4709.850098
12/16/2021,72.37999725,96.04000092,1796.599976,4668.669922
12/17/2021,70.86000061,96.56999969,1803.800049,4620.640137
12/20/2021,68.23000336,96.55000305,1793.699951,4568.02002
12/21/2021,71.12000275,96.48999786,1787.900024,4649.22998
12/22/2021,72.76000214,96.08000183,1801.599976,4696.560059
12/23/2021,73.79000092,96.01999664,1811.199951,4725.790039
12/27/2021,75.56999969,96.08999634,1808.099976,4791.189941
12/28/2021,75.98000336,96.19999695,1810.199951,4786.350098
12/29/2021,76.55999756,95.93000031,1805.099976,4793.060059
12/30/2021,76.98999786,95.97000122,1812.699951,4778.72998
12/31/2021,75.20999908,95.66999817,1827.5,4766.180176
1/3/2022,76.08000183,96.23999786,1799.400024,4796.560059
1/4/2022,76.98999786,96.29000092,1814,4793.540039
1/5/2022,77.84999847,96.19000244,1824.599976,4700.580078
1/6/2022,79.45999908,96.25,1788.699951,4696.049805
1/7/2022,78.90000153,95.73999786,1797,4677.029785
1/10/2022,78.23000336,95.98999786,1798.400024,4670.290039
1/11/2022,81.22000122,95.62000275,1818.599976,4713.069824
1/12/2022,82.63999939,95,1827.199951,4726.350098
1/13/2022,82.12000275,94.79000092,1821.199951,4659.029785
1/14/2022,83.81999969,95.16999817,1816.5,4662.850098
1/18/2022,85.43000031,95.73000336,1812.300049,4577.109863
1/19/2022,86.95999908,95.51000214,1843.099976,4532.759766
1/20/2022,86.90000153,95.73999786,1842.5,4482.72998
1/21/2022,85.13999939,95.63999939,1831.800049,4397.939941
1/24/2022,83.30999756,95.91999817,1841.699951,4410.129883
1/25/2022,85.59999847,95.94999695,1852.699951,4356.450195
1/26/2022,87.34999847,96.48999786,1829.900024,4349.930176
1/27/2022,86.61000061,97.26000214,1793.300049,4326.509766
1/28/2022,86.81999969,97.26999664,1784.900024,4431.850098
1/31/2022,88.15000153,96.54000092,1795,4515.549805
2/1/2022,88.19999695,96.38999939,1800.300049,4546.540039
2/2/2022,88.26000214,95.94000244,1809.199951,4589.379883
2/3/2022,90.26999664,95.37999725,1803,4477.439941
2/4/2022,92.30999756,95.48000336,1806.599976,4500.529785
2/7/2022,91.31999969,95.40000153,1820.599976,4483.870117
2/8/2022,89.36000061,95.63999939,1826.599976,4521.540039
2/9/2022,89.66000366,95.48999786,1835.199951,4587.180176
2/10/2022,89.87999725,95.55000305,1836.199951,4504.080078
2/11/2022,93.09999847,96.08000183,1840.800049,4418.640137
2/14/2022,95.45999908,96.37000275,1868,4401.669922
2/15/2022,92.06999969,95.98999786,1854.800049,4471.069824
2/16/2022,93.66000366,95.69999695,1870.199951,4475.009766
2/17/2022,91.76000214,95.80000305,1900.699951,4380.259766
2/18/2022,91.06999969,96.04000092,1898.599976,4348.870117
2/22/2022,92.34999847,96.02999878,1906.099976,4304.759766
2/23/2022,92.09999847,96.19000244,1909.199951,4225.5
2/24/2022,92.80999756,97.13999939,1925.099976,4288.700195
2/25/2022,91.58999634,96.62000275,1886.5,4384.649902
2/28/2022,95.72000122,96.70999908,1899.400024,4373.939941
3/1/2022,103.4100037,97.41000366,1942.400024,4306.259766
3/2/2022,110.5999985,97.38999939,1920.900024,4386.540039
3/3/2022,107.6699982,97.79000092,1934.400024,4363.490234
3/4/2022,115.6800003,98.65000153,1965.099976,4328.870117
3/7/2022,119.4000015,99.29000092,1993.900024,4201.089844
3/8/2022,123.6999969,99.05999756,2040.099976,4170.700195
3/9/2022,108.6999969,97.97000122,1985.900024,4277.879883
3/10/2022,106.0199966,98.51000214,1998.099976,4259.52002
3/11/2022,109.3300018,99.12000275,1982.699951,4204.310059
3/14/2022,103.0100021,99.05999756,1959.599976,4173.109863
3/15/2022,96.44000244,99.06999969,1928.5,4262.450195
3/16/2022,95.04000092,98.37999725,1908,4357.859863
3/17/2022,102.9800034,98.01000214,1942.099976,4411.669922
3/18/2022,104.6999969,98.23000336,1928.199951,4463.120117
3/21/2022,112.1200027,98.5,1928.599976,4461.180176
3/22/2022,111.7600021,98.48999786,1920.699951,4511.609863
3/23/2022,114.9300003,98.62000275,1936.599976,4456.240234
3/24/2022,112.3399963,98.79000092,1961.599976,4520.160156
3/25/2022,113.9000015,98.80999756,1953.800049,4543.060059
3/28/2022,105.9599991,99.08999634,1939.599976,4575.52002
3/29/2022,104.2399979,98.40000153,1912,4631.600098
3/30/2022,107.8199997,97.79000092,1933.5,4602.450195
3/31/2022,100.2799988,98.30999756,1949.199951,4530.410156
4/1/2022,99.26999664,98.62999725,1919.099976,4545.859863
4/4/2022,103.2799988,98.98999786,1929.199951,4582.640137
4/5/2022,101.9599991,99.47000122,1922.900024,4525.120117
4/6/2022,96.23000336,99.59999847,1918.400024,4481.149902
4/7/2022,96.02999878,99.75,1933.800049,4500.209961
4/8/2022,98.26000214,99.80000305,1941.599976,4488.279785
4/11/2022,94.29000092,99.93000031,1944.300049,4412.529785
4/12/2022,100.5999985,100.2900009,1972.099976,4397.450195
4/13/2022,104.25,99.87999725,1981,4446.589844
4/14/2022,106.9499969,100.3199997,1970.900024,4392.589844
4/18/2022,108.2099991,100.7799988,1982.900024,4391.689941
4/19/2022,102.5599976,100.9599991,1955.699951,4462.209961
4/20/2022,102.75,100.3899994,1952.300049,4459.450195
4/21/2022,103.7900009,100.5800018,1944.900024,4393.660156
4/22/2022,102.0699997,101.2200012,1931,4271.779785
4/25/2022,98.54000092,101.75,1893.199951,4296.120117
4/26/2022,101.6999969,102.3000031,1901.400024,4175.200195
4/27/2022,102.0199966,102.9499969,1885.900024,4183.959961
4/28/2022,105.3600006,103.6200027,1888.699951,4287.5
4/29/2022,104.6900024,102.9599991,1909.300049,4131.930176
5/2/2022,105.1699982,103.7399979,1861.800049,4155.379883
5/3/2022,102.4100037,103.4700012,1868.800049,4175.47998
5/4/2022,107.8099976,102.5899963,1867,4300.169922
5/5/2022,108.2600021,103.75,1874,4146.870117
5/6/2022,109.7699966,103.6600037,1881.199951,4123.339844
5/9/2022,103.0899963,103.6500015,1857.099976,3991.23999
5/10/2022,99.76000214,103.9199982,1839.900024,4001.050049
5/11/2022,105.7099991,103.8499985,1852.599976,3935.179932
5/12/2022,106.1299973,104.8499985,1823.800049,3930.080078
5/13/2022,110.4899979,104.5599976,1807.400024,4023.889893
5/16/2022,114.1999969,104.1900024,1813.5,4008.01001
5/17/2022,112.4000015,103.3600006,1818.199951,4088.850098
5/18/2022,109.5899963,103.8099976,1815.900024,3923.679932
5/19/2022,112.2099991,102.7200012,1841.199951,3900.790039
5/20/2022,113.2300034,103.1500015,1841.800049,3901.360107
5/23/2022,110.2900009,102.0800018,1847.800049,3973.75
5/24/2022,109.7699966,101.8600006,1865.099976,3941.47998
5/25/2022,110.3300018,102.0599976,1846.199951,3978.72998
5/26/2022,114.0899963,101.8300018,1847.400024,4057.840088
5/27/2022,115.0699997,101.6699982,1851.300049,4158.240234
5/31/2022,114.6699982,101.75,1842.699951,4132.149902
6/1/2022,115.2600021,102.5500031,1843.300049,4101.22998
6/2/2022,116.8700027,101.7699966,1866.5,4176.819824
6/3/2022,118.8700027,102.1399994,1845.400024,4108.540039
6/6/2022,118.5,102.4400024,1839.199951,4121.430176
6/7/2022,119.4100037,102.3199997,1847.5,4160.680176
6/8/2022,122.1100006,102.5400009,1851.900024,4115.77002
6/9/2022,121.5100021,103.2200012,1848.800049,4017.820068
6/10/2022,120.6699982,104.1500015,1871.5,3900.860107
6/13/2022,120.9300003,105.0800018,1828,3749.629883
6/14/2022,118.9300003,105.5199966,1809.5,3735.47998
6/15/2022,115.3099976,105.1600037,1815.300049,3789.98999
6/16/2022,117.5899963,103.6299973,1845.699951,3666.77002
6/17/2022,109.5599976,104.6999969,1835.599976,3674.840088
6/21/2022,110.6500015,104.4400024,1834.599976,3764.790039
6/22/2022,106.1900024,104.1999969,1834.300049,3759.889893
6/23/2022,104.2699966,104.4300003,1825.699951,3795.72998
6/24/2022,107.6200027,104.1900024,1826.5,3911.73999
6/27/2022,109.5699997,103.9400024,1820.900024,3900.110107
6/28/2022,111.7600021,104.5100021,1817.5,3821.550049
6/29/2022,109.7799988,105.1100006,1813.699951,3818.830078
6/30/2022,105.7600021,104.6900024,1804.099976,3785.379883
7/1/2022,108.4300003,105.1399994,1798.900024,3825.330078
7/5/2022,99.5,106.5,1761.800049,3831.389893
7/6/2022,98.52999878,107.0999985,1734.900024,3845.080078
7/7/2022,102.7300034,107.1299973,1737.900024,3902.620117
7/8/2022,104.7900009,107.0100021,1740.599976,3899.379883
7/11/2022,104.0899963,108.0199966,1730,3854.429932
7/12/2022,95.83999634,108.0699997,1723.300049,3818.800049
7/13/2022,96.30000305,107.9599991,1734.199951,3801.780029
7/14/2022,95.77999878,108.5400009,1704.5,3790.379883
7/15/2022,97.58999634,108.0599976,1702.400024,3863.159912
7/18/2022,102.5999985,107.3700027,1709.199951,3830.850098
7/19/2022,104.2200012,106.6800003,1710,3936.689941
7/20/2022,102.2600021,107.0800018,1699.5,3959.899902
7/21/2022,96.34999847,106.9100037,1712.699951,3998.949951
7/22/2022,94.69999695,106.7300034,1727.099976,3961.629883
7/25/2022,96.69999695,106.4800034,1719,3966.840088
7/26/2022,94.98000336,107.1900024,1717.699951,3921.050049
7/27/2022,97.26000214,106.4499969,1719.099976,4023.610107
7/28/2022,96.41999817,106.3499985,1750.300049,4072.429932
7/29/2022,98.62000275,105.9000015,1762.900024,4130.290039
8/1/2022,93.88999939,105.4499969,1769,4118.629883
8/2/2022,94.41999817,106.2399979,1771.099976,4091.189941
8/3/2022,90.66000366,106.5100021,1758,4155.169922
8/4/2022,88.54000092,105.6900024,1788.5,4151.939941
8/5/2022,89.01000214,106.6200027,1772.900024,4145.189941
8/8/2022,90.76000214,106.4400024,1786.800049,4140.060059
8/9/2022,90.5,106.3700027,1794,4122.470215
8/10/2022,91.93000031,105.1999969,1795.599976,4210.240234
8/11/2022,94.33999634,105.0899963,1789.699951,4207.27002
8/12/2022,92.08999634,105.6299973,1798.599976,4280.149902
8/15/2022,89.41000366,106.5500031,1781.400024,4297.140137
8/16/2022,86.52999878,106.5,1773.199951,4305.200195
8/17/2022,88.11000061,106.5699997,1760.300049,4274.040039
8/18/2022,90.5,107.4800034,1755.300049,4283.740234
8/19/2022,90.76999664,108.1699982,1747.599976,4228.47998
8/22/2022,90.23000336,109.0500031,1734,4137.990234
8/23/2022,93.73999786,108.6200027,1746.800049,4128.72998
8/24/2022,94.88999939,108.6800003,1747.800049,4140.77002
8/25/2022,92.51999664,108.4700012,1757.699951,4199.120117
8/26/2022,93.05999756,108.8000031,1736.099976,4057.659912
8/29/2022,97.01000214,108.8399963,1736.599976,4030.610107
8/30/2022,91.63999939,108.7699966,1723.199951,3986.159912
8/31/2022,89.55000305,108.6999969,1712.800049,3955
9/1/2022,86.61000061,109.6900024,1696.599976,3966.850098
9/2/2022,86.87000275,109.5299988,1709.800049,3924.26001
9/6/2022,86.87999725,110.2099991,1700.400024,3908.189941
9/7/2022,81.94000244,109.8399963,1715.300049,3979.870117
9/8/2022,83.54000092,109.7099991,1708,4006.179932
9/9/2022,86.79000092,109,1716.199951,4067.360107
9/12/2022,87.77999878,108.3300018,1728.099976,4110.410156
9/13/2022,87.30999756,109.8199997,1705,3932.689941
9/14/2022,88.48000336,109.6600037,1696.5,3946.01001
9/15/2022,85.09999847,109.7399979,1665.400024,3901.350098
9/16/2022,85.11000061,109.7600021,1671.699951,3873.330078
9/19/2022,85.73000336,109.7399979,1666.199951,3899.889893
9/20/2022,84.44999695,110.2200012,1659.699951,3855.929932
9/21/2022,82.94000244,110.6399994,1664.599976,3789.929932
9/22/2022,83.48999786,111.3499985,1670.800049,3757.98999
9/23/2022,78.73999786,113.1900024,1645.300049,3693.22998
9/26/2022,76.70999908,114.0999985,1623.300049,3655.040039
9/27/2022,78.5,114.1100006,1626.699951,3647.290039
9/28/2022,82.15000153,112.5999985,1660.400024,3719.040039
9/29/2022,81.23000336,112.25,1658.5,3640.469971
9/30/2022,79.48999786,112.1200027,1662.400024,3585.620117
10/3/2022,83.62999725,111.75,1692.900024,3678.429932
10/4/2022,86.51999664,110.0699997,1721.099976,3790.929932
10/5/2022,87.76000214,111.0699997,1711.400024,3783.280029
10/6/2022,88.44999695,112.2600021,1711.699951,3744.52002
10/7/2022,92.63999939,112.8000031,1700.5,3639.659912
10/10/2022,91.12999725,113.1399994,1667.300049,3612.389893
10/11/2022,89.34999847,113.2200012,1678.699951,3588.840088
10/12/2022,87.26999664,113.3199997,1670.300049,3577.030029
10/13/2022,89.11000061,112.3600006,1670,3669.909912
10/14/2022,85.61000061,113.3099976,1641.699951,3583.070068
10/17/2022,85.45999908,112.0400009,1657,3677.949951
10/18/2022,82.81999969,112.1299973,1649,3719.97998
10/19/2022,85.55000305,112.9800034,1627.5,3695.159912
10/20/2022,85.98000336,112.8799973,1630.800049,3665.780029
10/21/2022,85.05000305,112.0100021,1651,3752.75
10/24/2022,84.58000183,111.9899979,1648.699951,3797.340088
10/25/2022,85.31999969,110.9499969,1652.800049,3859.110107
10/26/2022,87.91000366,109.6999969,1664,3830.600098
10/27/2022,89.08000183,110.5899963,1660.699951,3807.300049
10/28/2022,87.90000153,110.6699982,1639.599976,3901.060059
10/31/2022,86.52999878,111.5299988,1635.900024,3871.97998
11/1/2022,88.37000275,111.4800034,1645,3856.100098
11/2/2022,90,111.3499985,1645.699951,3759.689941
11/3/2022,88.16999817,112.9300003,1627.300049,3719.889893
11/4/2022,92.61000061,110.8799973,1672.5,3770.550049
11/7/2022,91.79000092,110.1200027,1676.5,3806.800049
11/8/2022,88.91000366,109.6200027,1712.099976,3828.110107
11/9/2022,85.83000183,110.5500031,1710.099976,3748.570068
11/10/2022,86.47000122,108.2099991,1750.300049,3956.370117
11/11/2022,88.95999908,106.2900009,1766,3992.929932
11/14/2022,85.87000275,106.6600037,1773.599976,3957.25
11/15/2022,86.91999817,106.4000015,1773.800049,3991.72998
11/16/2022,85.58999634,106.2799988,1773,3958.790039
11/17/2022,81.63999939,106.6900024,1760.800049,3946.560059
11/18/2022,80.08000183,106.9300003,1751.900024,3965.340088
11/21/2022,79.73000336,107.8399963,1737.400024,3949.939941
11/22/2022,80.94999695,107.2200012,1738.300049,4003.580078
11/23/2022,77.94000244,106.0800018,1744.900024,4027.26001
11/25/2022,76.27999878,105.9599991,1753.300049,4026.120117
11/28/2022,77.23999786,106.6800003,1740.099976,3963.939941
11/29/2022,78.19999695,106.8199997,1748.400024,3957.629883
11/30/2022,80.55000305,105.9499969,1746,4080.110107
12/1/2022,81.22000122,104.7300034,1801.099976,4076.570068
12/2/2022,79.98000336,104.5500031,1795.900024,4071.699951
12/5/2022,76.93000031,105.2900009,1767.400024,3998.840088
12/6/2022,74.25,105.5800018,1769.300049,3941.26001
12/7/2022,72.01000214,105.0999985,1785.5,3933.919922
12/8/2022,71.45999908,104.7699966,1788.699951,3963.51001
12/9/2022,71.01999664,104.8099976,1798.099976,3934.379883
12/12/2022,73.16999817,105.1299973,1780.5,3990.560059
12/13/2022,75.38999939,103.9800034,1813.900024,4019.649902
12/14/2022,77.27999878,103.7699966,1807.5,3995.320068
12/15/2022,76.11000061,104.5599976,1777.199951,3895.75
12/16/2022,74.29000092,104.6999969,1790,3852.360107
12/19/2022,75.19000244,104.7200012,1787.699951,3817.659912
12/20/2022,76.08999634,103.9700012,1815.900024,3821.620117
12/21/2022,78.29000092,104.1600037,1815.900024,3878.439941
12/22/2022,77.48999786,104.4300003,1787,3822.389893
12/23/2022,79.55999756,104.3099976,1795.900024,3844.820068
12/27/2022,79.52999878,104.1800003,1814.800049,3829.25
12/28/2022,78.95999908,104.4599991,1807.900024,3783.219971
12/29/2022,78.40000153,103.8399963,1819.5,3849.280029
12/30/2022,80.26000214,103.5199966,1819.699951,3839.5
1/3/2023,76.93000031,104.5199966,1839.699951,3824.139893
1/4/2023,72.83999634,104.25,1852.800049,3852.969971
1/5/2023,73.66999817,105.0400009,1834.800049,3808.100098
1/6/2023,73.76999664,103.8799973,1864.199951,3895.080078
1/9/2023,74.62999725,103,1872.699951,3892.090088
1/10/2023,75.12000275,103.2399979,1871.599976,3919.25
1/11/2023,77.41000366,103.1900024,1874.599976,3969.610107
1/12/2023,78.38999939,102.25,1895.5,3983.169922
1/13/2023,79.86000061,102.1999969,1918.400024,3999.090088
1/17/2023,80.18000031,102.3899994,1907.199951,3990.969971
1/18/2023,79.48000336,102.3600006,1904.400024,3928.860107
1/19/2023,80.33000183,102.0599976,1922.099976,3898.850098
1/20/2023,81.30999756,102.0100021,1926.400024,3972.610107
1/23/2023,81.62000275,102.1399994,1927.099976,4019.810059
1/24/2023,80.12999725,101.9199982,1933.900024,4016.949951
1/25/2023,80.15000153,101.6399994,1941.199951,4016.219971
1/26/2023,81.01000214,101.8399963,1929.099976,4060.429932
1/27/2023,79.68000031,101.9300003,1928.599976,4070.560059
1/30/2023,77.90000153,102.2799988,1922.900024,4017.77002
1/31/2023,78.87000275,102.0999985,1929.5,4076.600098
2/1/2023,76.41000366,101.2200012,1927.800049,4119.209961
2/2/2023,75.87999725,101.75,1916.300049,4179.759766
2/3/2023,73.38999939,102.9199982,1862.900024,4136.47998
2/6/2023,74.11000061,103.6200027,1866.199951,4111.080078
2/7/2023,77.13999939,103.4300003,1871.699951,4164
2/8/2023,78.47000122,103.4100037,1877.400024,4117.859863
2/9/2023,78.05999756,103.2200012,1866.199951,4081.5
2/10/2023,79.72000122,103.6299973,1862.800049,4090.459961
2/13/2023,80.13999939,103.3499985,1851.900024,4137.290039
2/14/2023,79.05999756,103.2300034,1854,4136.129883
2/15/2023,78.58999634,103.9199982,1834.199951,4147.600098
2/16/2023,78.48999786,103.8600006,1842,4090.409912
2/17/2023,76.33999634,103.8600006,1840.400024,4079.090088
2/21/2023,76.16000366,104.1800003,1833,3997.340088
2/22/2023,73.94999695,104.5899963,1832,3991.050049
2/23/2023,75.38999939,104.5999985,1818,4012.320068
2/24/2023,76.31999969,105.2099991,1808.800049,3970.040039
2/27/2023,75.68000031,104.6699982,1817,3982.23999
2/28/2023,77.05000305,104.8700027,1828.900024,3970.149902
3/1/2023,77.69000244,104.4800034,1837.699951,3951.389893
3/2/2023,78.16000366,105.0299988,1833.5,3981.350098
3/3/2023,79.68000031,104.5199966,1847.699951,4045.639893
3/6/2023,80.45999908,104.3499985,1847.900024,4048.419922
3/7/2023,77.58000183,105.6200027,1813.900024,3986.370117
3/8/2023,76.66000366,105.6600037,1812.699951,3992.01001
3/9/2023,75.72000122,105.3099976,1829.300049,3918.320068
3/10/2023,76.68000031,104.5800018,1862,3861.590088
3/13/2023,74.80000305,103.5999985,1911.699951,3855.76001
3/14/2023,71.33000183,103.5999985,1906.199951,3919.290039
3/15/2023,67.61000061,104.6500015,1926.599976,3891.929932
3/16/2023,68.34999847,104.4199982,1919,3960.280029
3/17/2023,66.73999786,103.7099991,1969.800049,3916.639893
3/20/2023,67.63999939,103.2799988,1979.199951,3951.570068
3/21/2023,69.33000183,103.2600021,1938,4002.870117
3/22/2023,70.90000153,102.3499985,1946.800049,3936.969971
3/23/2023,69.95999908,102.5299988,1993.800049,3948.719971
3/24/2023,69.26000214,103.1200027,1982.099976,3970.98999
3/27/2023,72.80999756,102.8600006,1952.400024,3977.530029
3/28/2023,73.19999695,102.4300003,1972.400024,3971.27002
3/29/2023,72.97000122,102.6399994,1966.099976,4027.810059
3/30/2023,74.37000275,102.1399994,1980.300049,4050.830078
3/31/2023,75.66999817,102.5100021,1969,4109.310059
4/3/2023,80.41999817,102.0899963,1983.900024,4124.509766
4/4/2023,80.70999908,101.5899963,2022.199951,4100.600098
4/5/2023,80.61000061,101.8499985,2020.900024,4090.379883
4/6/2023,80.69999695,101.8199997,2011.900024,4105.02002
4/10/2023,79.73999786,102.5800018,1989.099976,4109.109863
4/11/2023,81.52999878,102.1999969,2004.800049,4108.939941
4/12/2023,83.26000214,101.5,2010.900024,4091.949951
4/13/2023,82.16000366,101.0100021,2041.300049,4146.220215
4/14/2023,82.51999664,101.5500031,2002.199951,4137.640137
4/17/2023,80.83000183,102.0999985,1994.199951,4151.319824
4/18/2023,80.86000061,101.75,2007.400024,4154.870117
4/19/2023,79.16000366,101.9700012,1995.199951,4154.52002
4/20/2023,77.29000092,101.8399963,2007.599976,4129.790039
4/21/2023,77.87000275,101.8199997,1979.5,4133.52002
4/24/2023,78.76000214,101.3499985,1989.099976,4137.040039
4/25/2023,77.06999969,101.8600006,1994,4071.629883
4/26/2023,74.30000305,101.4700012,1985.699951,4055.98999
4/27/2023,74.76000214,101.5,1989.900024,4135.350098
4/28/2023,76.77999878,101.6699982,1990.099976,4169.47998
5/1/2023,75.66000366,102.1500015,1983.400024,4167.870117
5/2/2023,71.66000366,101.9599991,2014.300049,4119.580078
5/3/2023,68.59999847,101.3399963,2028.599976,4090.75
5/4/2023,68.55999756,101.4000015,2048,4061.219971
5/5/2023,71.33999634,101.2099991,2017.400024,4136.25
5/8/2023,73.16000366,101.3700027,2026.300049,4138.120117
5/9/2023,73.70999908,101.6399994,2036.199951,4119.169922
5/10/2023,72.55999756,101.4800034,2030.5,4137.640137
5/11/2023,70.87000275,102.0599976,2014.699951,4130.620117
5/12/2023,70.04000092,102.6800003,2014.5,4124.080078
5/15/2023,71.11000061,102.4300003,2018,4136.279785
5/16/2023,70.86000061,102.5599976,1988.400024,4109.899902
5/17/2023,72.83000183,102.8799973,1980.699951,4158.77002
5/18/2023,71.86000061,103.5800018,1956.5,4198.049805
5/19/2023,71.55000305,103.1999969,1978.699951,4191.97998
5/22/2023,71.98999786,103.1999969,1974.800049,4192.629883
5/23/2023,72.91000366,103.4899979,1972.400024,4145.580078
5/24/2023,74.33999634,103.8899994,1962.800049,4115.240234
5/25/2023,71.83000183,104.2099991,1943.099976,4151.279785
5/26/2023,72.66999817,104.2099991,1944.099976,4205.450195
5/30/2023,69.45999908,104.1699982,1958,4205.52002
5/31/2023,68.08999634,104.3199997,1963.900024,4179.830078
6/1/2023,70.09999847,103.5599976,1978,4221.02002
6/2/2023,71.73999786,104.0199966,1952.400024,4282.370117
6/5/2023,72.15000153,104,1958,4273.790039
6/6/2023,71.73999786,104.1299973,1965.5,4283.850098
6/7/2023,72.52999878,104.0999985,1942.699951,4267.52002
6/8/2023,71.29000092,103.3399963,1963.599976,4293.930176
6/9/2023,70.16999817,103.5599976,1962.199951,4298.859863
6/12/2023,67.12000275,103.6299973,1955.300049,4338.930176
6/13/2023,69.41999817,103.3399963,1944.599976,4369.009766
6/14/2023,68.26999664,103.0100021,1955.300049,4372.589844
6/15/2023,70.62000275,102.1200027,1957.800049,4425.839844
6/16/2023,71.77999878,102.3000031,1958.400024,4409.589844
6/20/2023,70.5,102.5400009,1935.5,4388.709961
6/21/2023,72.52999878,102.0699997,1933.300049,4365.689941
6/22/2023,69.51000214,102.3899994,1912.699951,4381.890137
6/23/2023,69.16000366,102.9000015,1919.099976,4348.330078
6/26/2023,69.37000275,102.6900024,1923.699951,4328.819824
6/27/2023,67.69999695,102.4899979,1914,4378.410156
6/28/2023,69.55999756,102.9100037,1912.300049,4376.859863
6/29/2023,69.86000061,103.3399963,1909.199951,4396.439941
6/30/2023,70.63999939,102.9100037,1921.099976,4450.379883
7/3/2023,69.79000092,102.9899979,1921.699951,4455.589844
7/5/2023,71.79000092,103.3700027,1919.599976,4446.819824
7/6/2023,71.80000305,103.1699982,1908.699951,4411.589844
7/7/2023,73.86000061,102.2699966,1926.199951,4398.950195
7/10/2023,72.98999786,101.9700012,1925,4409.529785
7/11/2023,74.83000183,101.7300034,1931.300049,4439.259766
7/12/2023,75.75,100.5199966,1956.199951,4472.160156
7/13/2023,76.88999939,99.76999664,1959.199951,4510.040039
7/14/2023,75.41999817,99.91000366,1960.099976,4505.419922
7/17/2023,74.15000153,99.83999634,1952.400024,4522.790039
7/18/2023,75.75,99.94000244,1977.199951,4554.97998
7/19/2023,75.34999847,100.2799988,1977.5,4565.720215
7/20/2023,75.62999725,100.8799973,1968.300049,4534.870117
7/21/2023,77.06999969,101.0699997,1964.300049,4536.339844
7/24/2023,78.73999786,101.3499985,1960.300049,4554.640137
7/25/2023,79.62999725,101.3499985,1962.099976,4567.459961
7/26/2023,78.77999878,100.8899994,1968.900024,4566.75
7/27/2023,80.08999634,101.7699966,1945.400024,4537.410156
7/28/2023,80.58000183,101.6200027,1960.400024,4582.22998
7/31/2023,81.80000305,101.8600006,1970.5,4588.959961
8/1/2023,81.37000275,102.3000031,1940.699951,4576.72998
8/2/2023,79.48999786,102.5899963,1937.400024,4513.390137
8/3/2023,81.55000305,102.5400009,1932,4501.890137
8/4/2023,82.81999969,102.0199966,1939.599976,4478.029785
8/7/2023,81.94000244,102.0500031,1933.5,4518.439941
8/8/2023,82.91999817,102.5299988,1924.099976,4499.379883
8/9/2023,84.40000153,102.4899979,1915.400024,4467.709961
8/10/2023,82.81999969,102.5199966,1914.400024,4468.830078
8/11/2023,83.19000244,102.8399963,1912.900024,4464.049805
8/14/2023,82.51000214,103.1900024,1910.599976,4489.720215
8/15/2023,80.98999786,103.2099991,1902.5,4437.859863
8/16/2023,79.37999725,103.4199982,1896.099976,4404.330078
8/17/2023,80.38999939,103.4400024,1884.099976,4370.359863
8/18/2023,81.25,103.3799973,1886.099976,4369.709961
8/21/2023,80.72000122,103.3300018,1893.300049,4399.77002
8/22/2023,80.34999847,103.5599976,1896.400024,4387.549805
8/23/2023,78.88999939,103.3600006,1918.5,4436.009766
8/24/2023,79.05000305,103.9800034,1918.199951,4376.310059
8/25/2023,79.83000183,104.0800018,1911.099976,4405.709961
8/28/2023,80.09999847,104.0599976,1917.900024,4433.310059
8/29/2023,81.16000366,103.5500031,1936.5,4497.629883
8/30/2023,81.62999725,103.1600037,1944.300049,4514.870117
8/31/2023,83.62999725,103.6200027,1938.199951,4507.660156
9/1/2023,85.55000305,104.2399979,1939.800049,4515.77002
9/5/2023,86.69000244,104.8099976,1926.199951,4496.830078
9/6/2023,87.54000092,104.8600006,1918.099976,4465.47998
9/7/2023,86.87000275,105.0599976,1917.5,4451.140137
9/8/2023,87.51000214,105.0899963,1918.400024,4457.490234
9/11/2023,87.29000092,104.5699997,1923.300049,4487.459961
9/12/2023,88.83999634,104.7099991,1911.300049,4461.899902
9/13/2023,88.51999664,104.7699966,1909.099976,4467.439941
9/14/2023,90.16000366,105.4100037,1910,4505.100098
9/15/2023,90.76999664,105.3199997,1923.699951,4450.319824
9/18/2023,91.48000336,105.1999969,1931.5,4453.529785
9/19/2023,91.19999695,105.1999969,1932,4443.950195
9/20/2023,90.27999878,105.1600037,1945.599976,4402.200195
9/21/2023,89.62999725,105.3600006,1919.199951,4330
9/22/2023,90.02999878,105.5800018,1925.400024,4320.060059
9/25/2023,89.68000031,106,1916.599976,4337.439941
9/26/2023,90.38999939,106.2300034,1900.400024,4273.529785
9/27/2023,93.68000031,106.6699982,1871.599976,4274.509766
9/28/2023,91.70999908,106.2200012,1860.400024,4299.700195
9/29/2023,90.79000092,106.1699982,1848.099976,4288.049805
10/2/2023,88.81999969,106.9000015,1830,4288.390137
10/3/2023,89.23000336,107,1824.599976,4229.450195
10/4/2023,84.22000122,106.8000031,1818.5,4263.75
10/5/2023,82.30999756,106.3300018,1816.599976,4258.189941
10/6/2023,82.79000092,106.0400009,1830.199951,4308.5
10/9/2023,86.37999725,106.0800018,1849.5,4335.660156
10/10/2023,85.97000122,105.8300018,1861,4358.240234
10/11/2023,83.48999786,105.8199997,1872.800049,4376.950195
10/12/2023,82.91000366,106.5699997,1869.300049,4349.609863
10/13/2023,87.69000244,106.6500015,1927.400024,4327.779785
10/16/2023,86.66000366,106.2399979,1921.099976,4373.629883
10/17/2023,86.66000366,106.25,1922.699951,4373.200195
10/18/2023,88.31999969,106.5699997,1955.300049,4314.600098
10/19/2023,89.37000275,106.25,1968.400024,4278
10/20/2023,88.75,106.1600037,1982.5,4224.160156
10/23/2023,85.48999786,105.5400009,1976.300049,4217.040039
10/24/2023,83.73999786,106.2699966,1975,4247.680176
10/25/2023,85.38999939,106.5299988,1984.099976,4186.77002
10/26/2023,83.20999908,106.5999985,1987.199951,4137.22998
10/27/2023,85.54000092,106.5599976,1988.599976,4117.370117
10/30/2023,82.30999756,106.1200027,1996.199951,4166.819824
10/31/2023,81.01999664,106.6600037,1985.199951,4193.799805
11/1/2023,80.44000244,106.8799973,1978.800049,4237.859863
11/2/2023,82.45999908,106.1200027,1985.599976,4317.779785
11/3/2023,80.51000214,105.0199966,1991.5,4358.339844
11/6/2023,80.81999969,105.2200012,1981.599976,4365.97998
11/7/2023,77.37000275,105.5400009,1966.800049,4378.379883
11/8/2023,75.33000183,105.5899963,1951.5,4382.779785
11/9/2023,75.73999786,105.9100037,1964.199951,4347.350098
11/10/2023,77.16999817,105.8600006,1932.599976,4415.240234
11/13/2023,78.26000214,105.6600037,1945.5,4411.549805
11/14/2023,78.26000214,104.1100006,1961.800049,4495.700195
11/15/2023,76.66000366,104.3899994,1960.099976,4502.879883
11/16/2023,72.90000153,104.3700027,1983.900024,4508.240234
11/17/2023,75.88999939,103.8199997,1981.599976,4514.02002
11/20/2023,77.59999847,103.4700012,1977.699951,4547.379883
11/21/2023,77.76999664,103.5899963,1999.300049,4538.189941
11/22/2023,77.09999847,103.9199982,1991.400024,4556.620117
11/24/2023,75.54000092,103.4000015,2002.199951,4559.339844
11/27/2023,74.86000061,103.1999969,2011.800049,4550.430176
11/28/2023,76.41000366,102.75,2039.699951,4554.890137
11/29/2023,77.86000061,102.7699966,2047.099976,4550.580078
11/30/2023,75.95999908,103.5,2038.099976,4567.799805
12/1/2023,74.06999969,103.2699966,2071,4594.629883
12/4/2023,73.04000092,103.6399994,2024.099976,4569.779785
12/5/2023,72.31999969,104.0500031,2018.5,4567.180176
12/6/2023,69.37999725,104.1500015,2030.5,4549.339844
12/7/2023,69.33999634,103.5400009,2029.900024,4585.589844
12/8/2023,71.23000336,104.0100021,1998.300049,4604.370117
12/11/2023,71.31999969,104.0999985,1978,4622.439941
12/12/2023,68.61000061,103.8700027,1977.800049,4643.700195
12/13/2023,69.47000122,102.8700027,1982.300049,4707.089844
12/14/2023,71.58000183,101.9599991,2030.199951,4719.549805
12/15/2023,71.43000031,102.5500031,2021.099976,4719.189941
12/18/2023,72.47000122,102.5100021,2026.300049,4740.560059
12/19/2023,73.44000244,102.1699982,2038.400024,4768.370117
12/20/2023,74.22000122,102.4100037,2034.5,4698.350098
12/21/2023,73.88999939,101.8399963,2039.099976,4746.75
12/22/2023,73.55999756,101.6999969,2057.100098,4754.629883
12/26/2023,75.56999969,101.4700012,2058.199951,4774.75
12/27/2023,74.11000061,100.9899979,2081.899902,4781.580078
12/28/2023,71.76999664,101.2300034,2073.899902,4783.350098
12/29/2023,71.65000153,101.3300018,2062.399902,4769.830078
1/2/2024,70.37999725,102.1999969,2064.399902,4742.830078
1/3/2024,72.69999695,102.4599991,2034.199951,4704.810059
1/4/2024,72.19000244,102.4199982,2042.300049,4688.680176
1/5/2024,73.80999756,102.4100037,2042.400024,4697.240234
1/8/2024,70.76999664,102.2099991,2026.599976,4763.540039
1/9/2024,72.23999786,102.5699997,2026.400024,4756.5
1/10/2024,71.37000275,102.3600006,2021.699951,4783.450195
1/11/2024,72.01999664,102.2900009,2014.300049,4780.240234
1/12/2024,72.68000031,102.4000015,2046.699951,4783.830078
1/16/2024,72.40000153,103.3600006,2026,4765.97998
1/17/2024,72.55999756,103.4499969,2002.599976,4739.209961
1/18/2024,74.08000183,103.5400009,2018.599976,4780.939941
1/19/2024,73.41000366,103.2900009,2026.5,4839.810059
1/22/2024,75.19000244,103.3300018,2019.800049,4850.430176
1/23/2024,74.37000275,103.6200027,2023.699951,4864.600098
1/24/2024,75.08999634,103.2399979,2013.900024,4868.549805
1/25/2024,77.36000061,103.5699997,2016.900024,4894.160156
1/26/2024,78.01000214,103.4700012,2016.800049,4890.970215
1/29/2024,76.77999878,103.6100006,2025.199951,4927.930176
1/30/2024,77.81999969,103.4000015,2031.5,4924.970215
1/31/2024,75.84999847,103.2699966,2048.399902,4845.649902
2/1/2024,73.81999969,103.0500031,2053,4906.189941
2/2/2024,72.27999878,103.9199982,2036.099976,4958.609863
2/5/2024,72.77999878,104.4499969,2025.699951,4942.810059
2/6/2024,73.30999756,104.1800003,2034.5,4954.22998
2/7/2024,73.86000061,104.0400009,2035.199951,4995.060059
2/8/2024,76.22000122,104.1500015,2032.199951,4997.910156
2/9/2024,76.83999634,104.0800018,2023.300049,5026.609863
2/12/2024,76.91999817,104.1699982,2018.199951,5021.839844
2/13/2024,77.87000275,104.9599991,1992.900024,4953.169922
2/14/2024,76.63999939,104.7200012,1990.300049,5000.620117
2/15/2024,78.02999878,104.3000031,2002.099976,5029.72998
2/16/2024,79.19000244,104.2799988,2011.5,5005.569824
2/20/2024,78.18000031,104.0800018,2027.5,4975.509766
2/21/2024,77.91000366,104.0100021,2022.300049,4981.799805
2/22/2024,78.61000061,103.9599991,2019.699951,5087.029785
2/23/2024,76.48999786,103.9400024,2038.599976,5088.799805
2/26/2024,77.58000183,103.8300018,2028.5,5069.529785
2/27/2024,78.87000275,103.8300018,2034,5078.180176
2/28/2024,78.54000092,103.9800034,2033,5069.759766
2/29/2024,78.26000214,104.1600037,2045.699951,5096.27002
3/1/2024,79.97000122,103.8600006,2086.899902,5137.080078
3/4/2024,78.73999786,103.8300018,2117.699951,5130.950195
3/5/2024,78.15000153,103.8000031,2133.5,5078.649902
3/6/2024,79.12999725,103.3700027,2150.300049,5104.759766
3/7/2024,78.93000031,102.8199997,2158,5157.359863
3/8/2024,78.01000214,102.7399979,2178.600098,5123.689941
3/11/2024,77.93000031,102.8700027,2182.5,5117.939941
3/12/2024,77.55999756,102.9599991,2160.399902,5175.27002
3/13/2024,79.72000122,102.7900009,2175.399902,5165.310059
3/14/2024,81.26000214,103.3600006,2163,5150.47998
3/15/2024,81.04000092,103.4300003,2157.300049,5117.089844
3/18/2024,82.72000122,103.5800018,2160.699951,5149.419922
3/19/2024,83.47000122,103.8099976,2156.300049,5178.509766
3/20/2024,81.68000031,103.4100037,2157.899902,5224.620117
3/21/2024,81.06999969,104,2182.399902,5241.529785
3/22/2024,80.62999725,104.4300003,2158.100098,5234.180176
3/25/2024,81.94999695,104.2300034,2174.800049,5218.189941
3/26/2024,81.62000275,104.2900009,2175.600098,5203.580078
3/27/2024,81.34999847,104.3499985,2190.600098,5248.490234
3/28/2024,83.16999817,104.5500031,2217.399902,5254.350098
4/1/2024,83.70999908,105.0199966,2236.5,5243.77002
4/2/2024,85.15000153,104.8199997,2261,5205.810059
4/3/2024,85.43000031,104.25,2294.399902,5211.490234
4/4/2024,86.58999634,104.1200027,2288.800049,5147.209961
4/5/2024,86.91000366,104.3000031,2325.699951,5204.339844
4/8/2024,86.43000031,104.1399994,2331.699951,5202.390137
4/9/2024,85.23000336,104.1500015,2343.5,5209.910156
4/10/2024,86.20999908,105.25,2329.600098,5160.640137
4/11/2024,85.01999664,105.2799988,2354.800049,5199.060059
4/12/2024,85.66000366,106.0400009,2356.199951,5123.410156
4/15/2024,85.41000366,106.2099991,2365.800049,5061.819824
4/16/2024,85.36000061,106.2600021,2390.800049,5051.410156
4/17/2024,82.69000244,105.9499969,2371.699951,5022.209961
4/18/2024,82.73000336,106.1500015,2382.300049,5011.120117
4/19/2024,83.13999939,106.1500015,2398.399902,4967.22998
4/22/2024,82.84999847,106.0800018,2332.199951,5010.600098
4/23/2024,83.36000061,105.6900024,2327.699951,5070.549805
4/24/2024,82.80999756,105.8600006,2324.5,5071.629883
4/25/2024,83.56999969,105.5999985,2329.800049,5048.419922
4/26/2024,83.84999847,105.9400024,2334.800049,5099.959961
4/29/2024,82.62999725,105.5800018,2345.399902,5116.169922
4/30/2024,81.93000031,106.2200012,2291.399902,5035.689941
5/1/2024,79,105.7600021,2299.899902,5018.390137
5/2/2024,78.94999695,105.3000031,2299.199951,5064.200195
5/3/2024,78.11000061,105.0299988,2299,5127.790039
5/6/2024,78.48000336,105.0500031,2321.600098,5180.740234
5/7/2024,78.37999725,105.4100037,2315.199951,5187.700195
5/8/2024,78.98999786,105.5500031,2313.600098,5187.669922
5/9/2024,79.26000214,105.2300034,2332.100098,5214.080078
5/10/2024,78.26000214,105.3099976,2367.300049,5222.680176
5/13/2024,79.12000275,105.2200012,2336.100098,5221.419922
5/14/2024,78.01999664,105.0100021,2353.399902,5246.680176
5/15/2024,78.62999725,104.3499985,2388.699951,5308.149902
5/16/2024,79.23000336,104.4599991,2380,5297.100098
5/17/2024,80.05999756,104.4499969,2412.199951,5303.27002
5/20/2024,79.80000305,104.5699997,2433.899902,5308.129883
5/21/2024,79.26000214,104.6600037,2421.699951,5321.410156
5/22/2024,77.56999969,104.9400024,2389.199951,5307.009766
5/23/2024,76.87000275,105.1100006,2335,5267.839844
5/24/2024,77.72000122,104.7200012,2332.5,5304.720215
5/28/2024,79.83000183,104.6100006,2355.199951,5306.040039
5/29/2024,79.23000336,105.0999985,2340.300049,5266.950195
5/30/2024,77.91000366,104.7200012,2342.899902,5235.47998
5/31/2024,76.98999786,104.6699982,2322.899902,5277.509766
6/3/2024,74.22000122,104.1399994,2346.600098,5283.399902
6/4/2024,73.25,104.1100006,2325.5,5291.339844
6/5/2024,74.06999969,104.2699966,2354.100098,5354.029785
6/6/2024,75.55000305,104.0999985,2370.300049,5352.959961
6/7/2024,75.52999878,104.8899994,2305.199951,5346.990234
6/10/2024,77.73999786,105.1500015,2307.699951,5360.790039
6/11/2024,77.90000153,105.2300034,2307.5,5375.319824
6/12/2024,78.5,104.6500015,2336,5421.029785
6/13/2024,78.62000275,105.1999969,2300.199951,5433.740234
6/14/2024,78.44999695,105.5500031,2331.399902,5431.600098
6/17/2024,80.33000183,105.3199997,2312.399902,5473.22998
6/18/2024,81.56999969,105.2600021,2330.399902,5487.029785
6/20/2024,82.16999817,105.5899963,2353.800049,5473.169922
6/21/2024,80.73000336,105.8000031,2316.399902,5464.620117
6/24/2024,81.62999725,105.4700012,2330,5447.870117
6/25/2024,80.83000183,105.6100006,2316.600098,5469.299805
6/26/2024,80.90000153,106.0500031,2299.199951,5477.899902
6/27/2024,81.73999786,105.9100037,2324.5,5482.870117
6/28/2024,81.54000092,105.8700027,2327.699951,5460.47998
7/1/2024,83.37999725,105.9000015,2327.600098,5475.089844
7/2/2024,82.80999756,105.7200012,2323,5509.009766
7/3/2024,83.87999725,105.4000015,2359.800049,5537.02002
7/5/2024,83.16000366,104.8799973,2388.5,5567.189941
7/8/2024,82.33000183,105.0100021,2355.199951,5572.850098
7/9/2024,81.41000366,105.1200027,2360.100098,5576.97998
7/10/2024,82.09999847,105.0500031,2372.199951,5633.910156
7/11/2024,82.62000275,104.4400024,2415,5584.540039
7/12/2024,82.20999908,104.0899963,2414,5615.350098
7/15/2024,81.91000366,104.1900024,2422.899902,5631.220215
7/16/2024,80.76000214,104.2699966,2462.399902,5667.200195
7/17/2024,82.84999847,103.75,2454.800049,5588.27002
7/18/2024,82.81999969,104.1699982,2451.800049,5544.589844
7/19/2024,80.12999725,104.4000015,2395.5,5505
7/22/2024,79.77999878,104.3099976,2392,5564.410156
7/23/2024,76.95999908,104.4499969,2404.600098,5555.740234
7/24/2024,77.58999634,104.3899994,2413.300049,5427.129883
7/25/2024,78.27999878,104.3600006,2351.899902,5399.220215
7/26/2024,77.16000366,104.3199997,2380,5459.100098
7/29/2024,75.80999756,104.5599976,2377.300049,5463.540039
7/30/2024,74.73000336,104.5500031,2405,5436.439941
7/31/2024,77.91000366,104.0999985,2426.5,5522.299805
8/1/2024,76.30999756,104.4199982,2435,5446.680176
8/2/2024,73.51999664,103.2099991,2425.699951,5346.560059
8/5/2024,72.94000244,102.6900024,2401.699951,5186.330078
8/6/2024,73.19999695,102.9700012,2389.100098,5240.029785
8/7/2024,75.23000336,103.1999969,2390.5,5199.5
8/8/2024,76.19000244,103.2099991,2422.199951,5319.310059
8/9/2024,76.83999634,103.1399994,2432.100098,5344.160156
8/12/2024,80.05999756,103.1399994,2462.399902,5344.390137
8/13/2024,78.34999847,102.5599976,2466.699951,5434.430176
8/14/2024,76.98000336,102.5699997,2439.399902,5455.209961
8/15/2024,78.16000366,102.9800034,2453.100098,5543.220215
8/16/2024,76.65000153,102.4599991,2498.600098,5554.25
8/19/2024,74.37000275,101.8899994,2501.800049,5608.25
8/20/2024,74.04000092,101.4400024,2511.300049,5597.120117
8/21/2024,71.93000031,101.0400009,2508.399902,5620.850098
8/22/2024,73.01000214,101.5100021,2478.899902,5570.640137
8/23/2024,74.83000183,100.7200012,2508.399902,5634.609863
8/26/2024,77.41999817,100.8499985,2517.699951,5616.839844
8/27/2024,75.52999878,100.5500031,2516,5625.799805
8/28/2024,74.51999664,101.0899963,2501,5592.180176
8/29/2024,75.91000366,101.3399963,2525.699951,5591.959961
8/30/2024,73.55000305,101.6999969,2493.800049,5648.399902
9/3/2024,70.33999634,101.8300018,2489.899902,5528.930176
9/4/2024,69.19999695,101.3600006,2493.399902,5520.069824
9/5/2024,69.15000153,101.1100006,2511.399902,5503.410156
9/6/2024,67.66999817,101.1800003,2493.5,5408.419922
9/9/2024,68.70999908,101.5500031,2501.800049,5471.049805
9/10/2024,65.75,101.6299973,2512.300049,5495.52002
9/11/2024,67.30999756,101.6800003,2512.100098,5554.129883
9/12/2024,68.97000122,101.3700027,2551.199951,5595.759766
9/13/2024,68.65000153,101.1100006,2581.300049,5626.02002
9/16/2024,70.08999634,100.7600021,2580.399902,5633.089844
9/17/2024,71.19000244,100.8899994,2564.300049,5634.580078
9/18/2024,70.91000366,100.5999985,2570.699951,5618.259766
9/19/2024,71.94999695,100.6100006,2588,5713.640137
9/20/2024,71.91999817,100.7200012,2619.899902,5702.549805
9/23/2024,70.37000275,100.9199982,2626.5,5718.569824
9/24/2024,71.55999756,100.3700027,2651.199951,5732.930176
9/25/2024,69.69000244,100.9199982,2659.199951,5722.259766
9/26/2024,67.66999817,100.5599976,2669.899902,5745.370117
9/27/2024,68.18000031,100.4199982,2644.300049,5738.169922
9/30/2024,68.16999817,100.7799988,2636.100098,5762.47998
10/1/2024,69.83000183,101.1900024,2667.300049,5708.75
10/2/2024,70.09999847,101.6800003,2647.100098,5709.540039
10/3/2024,73.70999908,101.9899979,2657.100098,5699.939941
10/4/2024,74.37999725,102.5199966,2645.800049,5751.069824
10/7/2024,77.13999939,102.5400009,2644.800049,5695.939941
10/8/2024,73.56999969,102.5500031,2615,5751.129883
10/9/2024,73.23999786,102.9300003,2606,5792.040039
10/10/2024,75.84999847,102.9899979,2620.600098,5780.049805
10/11/2024,75.55999756,102.8899994,2657.600098,5815.029785
10/14/2024,73.83000183,103.3000031,2647.800049,5859.850098
10/15/2024,70.58000183,103.2600021,2661.399902,5815.259766
10/16/2024,70.38999939,103.5899963,2674,5842.470215
10/17/2024,70.66999817,103.8300018,2691,5841.470215
10/18/2024,69.22000122,103.4899979,2713.699951,5864.669922
10/21/2024,70.55999756,104.0100021,2723.100098,5853.97998
10/22/2024,72.08999634,104.0800018,2744.199951,5851.200195
10/23/2024,70.76999664,104.4300003,2714.399902,5797.419922
10/24/2024,70.19000244,104.0599976,2734.899902,5809.859863
10/25/2024,71.77999878,104.2600021,2740.899902,5808.120117
10/28/2024,67.37999725,104.3199997,2742.899902,5823.52002
10/29/2024,67.20999908,104.2799988,2768.399902,5832.919922
10/30/2024,68.61000061,103.9899979,2788.5,5813.669922
10/31/2024,69.26000214,103.9800034,2738.300049,5705.450195
11/1/2024,69.48999786,104.2799988,2738.600098,5728.799805
11/4/2024,71.47000122,103.8899994,2736.100098,5712.689941
11/5/2024,71.98999786,103.4199982,2740.300049,5782.759766
11/6/2024,71.69000244,105.0899963,2667.600098,5929.040039
11/7/2024,72.36000061,104.5100021,2698.399902,5973.100098
11/8/2024,70.37999725,105,2687.5,5995.540039
11/11/2024,68.04000092,105.5400009,2611.199951,6001.350098
11/12/2024,68.12000275,106.0199966,2600,5983.990234
11/13/2024,68.43000031,106.4800034,2580.800049,5985.379883
11/14/2024,68.69999695,106.6699982,2568.199951,5949.169922
11/15/2024,67.01999664,106.6900024,2565.699951,5870.620117
11/18/2024,69.16000366,106.2799988,2610.600098,5893.620117
11/19/2024,69.38999939,106.2099991,2627.100098,5916.97998
11/20/2024,68.87000275,106.6800003,2648.199951,5917.109863
11/21/2024,70.09999847,106.9700012,2672.100098,5948.709961
11/22/2024,71.23999786,107.4899979,2709.899902,5969.339844
11/25/2024,68.94000244,106.8199997,2616.800049,5987.370117
11/26/2024,68.76999664,107.0100021,2620.300049,6021.629883
11/27/2024,68.72000122,106.0800018,2639.899902,5998.740234
11/29/2024,68,105.7399979,2657,6032.379883
12/2/2024,68.09999847,106.4499969,2634.899902,6047.149902
12/3/2024,69.94000244,106.3700027,2644.699951,6049.879883
12/4/2024,68.54000092,106.3399963,2653.800049,6086.490234
12/5/2024,68.30000305,105.7099991,2626.600098,6075.109863
12/6/2024,67.19999695,105.9700012,2638.600098,6090.27002
12/9/2024,68.37000275,106.1500015,2664.899902,6052.850098
12/10/2024,68.58999634,106.4000015,2697.600098,6034.910156
12/11/2024,70.29000092,106.7099991,2733.800049,6084.189941
12/12/2024,70.01999664,106.9599991,2687.5,6051.25
12/13/2024,71.29000092,107,2656,6051.089844
12/16/2024,70.70999908,106.8600006,2651.399902,6074.080078
12/17/2024,70.08000183,106.9599991,2644.399902,6050.609863
12/18/2024,70.58000183,108.0299988,2636.5,5872.160156
12/19/2024,69.91000366,108.4100037,2592.199951,5867.080078
12/20/2024,69.45999908,107.6200027,2628.699951,5930.850098
12/23/2024,69.23999786,108.0400009,2612.300049,5974.069824
12/24/2024,70.09999847,108.2600021,2620,6040.040039
12/26/2024,69.62000275,108.1299973,2638.800049,6037.589844
12/27/2024,70.59999847,108,2617.199951,5970.839844
12/30/2024,70.98999786,108.1299973,2606.100098,5906.939941
12/31/2024,71.72000122,108.4899979,2629.199951,5881.629883
1/2/2025,73.12999725,109.3899994,2658.899902,5868.549805
1/3/2025,73.95999908,108.9499969,2645,5942.470215
1/6/2025,73.55999756,108.2600021,2638.399902,5975.379883
1/7/2025,74.25,108.5400009,2656.699951,5909.029785
1/8/2025,73.31999969,109.0899963,2664.5,5918.25
1/9/2025,73.91999817,109.1800003,2683.800049,
1/10/2025,76.56999969,109.6500015,2708.5,5827.040039
1/13/2025,78.81999969,109.9599991,2673.5,5836.220215
1/14/2025,77.5,109.2699966,2677.5,5842.910156
1/15/2025,80.04000092,109.0899963,2712.5,5949.910156
1/16/2025,78.68000031,108.9599991,2746.399902,5937.339844
1/17/2025,77.87999725,109.3499985,2744.300049,5996.660156
1/21/2025,75.88999939,108.0599976,2755,6049.240234
1/22/2025,75.44000244,108.1699982,2767.600098,6086.370117
1/23/2025,74.62000275,108.0500031,2763.100098,6118.709961
1/24/2025,74.66000366,107.4400024,2777.300049,6101.240234
1/27/2025,73.16999817,107.3399963,2737.5,6012.279785
1/28/2025,73.76999664,107.8700027,2766.800049,6067.700195
1/29/2025,72.62000275,108,2769.100098,6039.310059
1/30/2025,72.73000336,107.8000031,2823,6071.169922
1/31/2025,72.52999878,108.3700027,2812.5,6040.529785
2/3/2025,73.16000366,108.9899979,2833.899902,5994.569824
2/4/2025,72.69999695,107.9599991,2853.300049,6037.879883
2/5/2025,71.02999878,107.5800018,2871.600098,6061.47998
2/6/2025,70.61000061,107.6900024,2856,6083.569824
2/7/2025,71,108.0400009,2867.300049,6025.990234
2/10/2025,72.31999969,108.3199997,2914.300049,6066.439941
2/11/2025,73.31999969,107.9599991,2912.5,6068.5
2/12/2025,71.37000275,107.9400024,2909,6051.970215
2/13/2025,71.29000092,107.3099976,2925.899902,6115.069824
2/14/2025,70.73999786,106.5699997,2883.600098,6114.629883
2/18/2025,71.84999847,107.0500031,2931.600098,6129.580078
2/19/2025,72.25,107.1699982,2919.399902,6144.149902
2/20/2025,72.56999969,106.3399963,2940,6117.52002
2/21/2025,70.40000153,106.6100006,2937.600098,6013.129883
2/24/2025,70.69999695,106.5999985,2947.899902,5983.25
2/25/2025,68.93000031,106.3099976,2904.5,5955.25
2/26/2025,68.62000275,106.4199982,2916.800049,5956.060059
2/27/2025,70.34999847,107.2399979,2883.199951,5861.569824
2/28/2025,69.76000214,107.6100006,2836.800049,5954.5
3/3/2025,68.37000275,106.75,2890.199951,5849.720215
3/4/2025,68.26000214,105.7399979,2909.600098,5778.149902
3/5/2025,66.30999756,105.7399979,2915.300049,5842.629883
3/6/2025,66.36000061,104.0599976,2916.600098,5738.52002
3/7/2025,67.04000092,103.8399963,2904.699951,5770.200195
3/10/2025,66.02999878,103.9100037,2891,5614.560059
3/11/2025,66.25,103.4400024,2912.899902,5572.069824
3/12/2025,67.68000031,103.6100006,2939.100098,5599.299805
3/13/2025,66.55000305,103.8300018,2984.300049,5521.52002
3/14/2025,67.18000031,103.7200012,2994.5,5638.939941
3/17/2025,67.58000183,103.3700027,3000,5675.120117
3/18/2025,66.90000153,103.2399979,3035.100098,5614.660156
3/19/2025,67.16000366,103.4300003,3035.899902,5675.290039
3/20/2025,68.26000214,103.8499985,3040,5662.890137
3/21/2025,68.27999878,104.0899963,3018.199951,5667.560059
3/24/2025,69.11000061,104.2600021,3013.100098,5767.569824
3/25/2025,69,104.1800003,3023.699951,5776.649902
3/26/2025,69.65000153,104.5500031,3020.899902,5712.200195
3/27/2025,69.91999817,104.0699997,3060.199951,5693.310059
3/28/2025,69.36000061,104.0400009,3086.5,5580.939941
3/31/2025,71.48000336,104.2099991,3122.800049,5611.850098
4/1/2025,71.19999695,104.2600021,3118.899902,5633.069824
4/2/2025,71.70999908,103.8099976,3139.899902,5670.970215
4/3/2025,66.94999695,102.0699997,3097,5396.52002
4/4/2025,61.99000168,103.0199966,3012,5074.080078
4/7/2025,60.70000076,103.2600021,2951.300049,5062.25
4/8/2025,59.58000183,102.9599991,2968.399902,4982.77002
4/9/2025,62.34999847,102.9000015,3056.5,5456.899902
4/10/2025,60.06999969,100.8700027,3155.199951,5268.049805
4/11/2025,61.5,99.77999878,3222.199951,5363.359863
4/14/2025,61.52999878,99.63999939,3204.800049,5405.970215
4/15/2025,61.33000183,100.2200012,3218.699951,5396.629883
4/16/2025,62.47000122,99.37999725,3326.600098,5275.700195
4/17/2025,64.68000031,99.37999725,3308.699951,5282.700195
4/21/2025,63.08000183,98.27999878,3406.199951,5158.200195
4/22/2025,64.30999756,98.91999817,3400.800049,5287.759766
4/23/2025,62.27000046,99.83999634,3276.300049,5375.859863
4/24/2025,62.79000092,99.29000092,3332,5484.77002
4/25/2025,63.02000046,99.47000122,3282.399902,5525.209961
4/28/2025,62.04999924,99.01000214,3332.5,5528.75
4/29/2025,60.41999817,99.23999786,3318.800049,5560.830078
4/30/2025,58.20999908,99.47000122,3305,5569.060059
5/1/2025,59.24000168,100.25,3210,5604.140137
5/2/2025,58.29000092,100,3231.899902,5686.669922
5/5/2025,57.13000107,99.83000183,3311.300049,5650.379883
5/6/2025,59.09000015,99.23999786,3411.399902,5606.910156
5/7/2025,58.06999969,99.61000061,3381.399902,5631.279785
5/8/2025,59.90999985,100.6399994,3296.600098,5663.939941
5/9/2025,61.02000046,100.3399963,3335.399902,5659.910156
5/12/2025,61.95000076,101.7900009,3220,5844.189941
5/13/2025,63.66999817,101,3240.300049,5886.549805
5/14/2025,63.15000153,101.0400009,3181.399902,5892.580078
5/15/2025,61.61999893,100.8799973,3220.699951,5916.930176
5/16/2025,62.49000168,101.0899963,3182,5958.379883
5/19/2025,62.68999863,100.4300003,3228.899902,5963.600098
5/20/2025,62.56000137,100.1200027,3280.300049,5940.459961
5/21/2025,61.56999969,99.55999756,3309.300049,5844.609863
5/22/2025,61.20000076,99.95999908,3292.300049,5842.009766
5/23/2025,61.52999878,99.11000061,3363.600098,5802.819824
5/26/2025,,98.93000031,,
5/27/2025,60.88999939,99.51999664,3299.100098,5921.540039
5/28/2025,61.84000015,99.87999725,3293.600098,5888.549805
5/29/2025,60.93999863,99.27999878,3317.100098,5912.169922
5/30/2025,60.79000092,99.33000183,3288.899902,5911.689941
6/2/2025,62.52000046,98.69999695,3370.600098,5935.939941
6/3/2025,63.40999985,99.25,3350.199951,5970.370117
6/4/2025,62.84999847,98.79000092,3373.5,5970.810059
6/5/2025,63.36999893,98.73999786,3350.699951,5939.299805
6/6/2025,64.58000183,99.19000244,3322.699951,6000.359863
6/9/2025,65.29000092,98.94000244,3332.100098,6005.879883
6/10/2025,64.98000336,99.05000305,3320.899902,6038.810059
6/11/2025,68.15000153,98.62999725,3321.300049,6022.240234
6/12/2025,68.04000092,97.91999817,3380.899902,6045.259766
6/13/2025,72.98000336,98.18000031,3431.199951,5976.970215
6/16/2025,71.76999664,98,3396.399902,6033.109863
6/17/2025,74.83999634,98.81999969,3386.600098,5982.720215
6/18/2025,75.13999939,98.91000366,3389.800049,5980.870117
6/20/2025,74.93000031,98.70999908,3368.100098,5967.839844
6/23/2025,68.51000214,98.41999817,3377.699951,6025.169922
6/24/2025,64.37000275,97.86000061,3317.399902,6092.180176
6/25/2025,64.91999817,97.68000031,3327.100098,6092.160156
6/26/2025,65.23999786,97.15000153,3333.5,6141.02002
6/27/2025,65.51999664,97.40000153,3273.699951,6173.069824
6/30/2025,65.11000061,96.87999725,3294.399902,6204.950195
7/1/2025,65.44999695,96.81999969,3336.699951,6198.009766
7/2/2025,67.44999695,96.77999878,3348,6227.419922
7/3/2025,67,97.18000031,3331.600098,6279.350098
7/4/2025,66.5,,3332.5,
7/7/2025,67.93000031,97.48000336,3332.199951,6229.97998
7/8/2025,68.33000183,97.51000214,3307,6225.52002
7/9/2025,68.37999725,97.47000122,3311.600098,6263.259766
7/10/2025,66.56999969,97.65000153,3317.399902,6280.459961
7/11/2025,68.44999695,97.84999847,3356,6259.75
7/14/2025,66.98000336,98.08000183,3351.5,6268.560059
7/15/2025,66.51999664,98.62000275,3329.800049,6243.759766
7/16/2025,66.37999725,98.38999939,3352.5,6263.700195
7/17/2025,67.54000092,98.73000336,3340.100098,6297.359863
7/18/2025,67.33999634,98.48000336,3353,6296.790039
7/21/2025,67.19999695,97.84999847,3401.899902,6305.600098
7/22/2025,66.20999908,97.38999939,3439.199951,6309.620117
7/23/2025,65.25,97.20999908,3394.100098,6358.910156
7/24/2025,66.02999878,97.37999725,3371,6363.350098
7/25/2025,65.16000366,97.65000153,3334,6388.640137
7/28/2025,66.70999908,98.66000366,3309.100098,6389.77002
7/29/2025,69.20999908,98.91000366,3323.399902,6370.859863
7/30/2025,70,99.94000244,3295.800049,6362.899902
7/31/2025,69.26000214,100.0299988,3293.199951,6339.390137
8/1/2025,67.33000183,98.69000244,3347.699951,6238.009766
8/4/2025,66.29000092,98.77999878,3374.399902,6329.939941
8/5/2025,65.16000366,98.77999878,3381.899902,6299.189941
8/6/2025,64.34999847,98.18000031,3380,6345.060059
8/7/2025,63.88000107,98.40000153,3400.300049,6340
8/8/2025,63.88000107,98.18000031,3439.100098,6389.450195
8/11/2025,63.95999908,98.51999664,3353.100098,6373.450195
8/12/2025,63.16999817,98.09999847,3348.899902,6445.759766
8/13/2025,62.65000153,97.83999634,3358.699951,6466.580078
8/14/2025,63.95999908,98.25,3335.199951,6468.540039
8/15/2025,62.79999924,97.84999847,3336,6449.799805
8/18/2025,63.41999817,98.16999817,3331.699951,6449.149902
8/19/2025,62.34999847,98.26999664,3313.399902,6411.370117
8/20/2025,63.20999908,98.22000122,3343.399902,6395.779785
8/21/2025,63.52000046,98.62000275,3336.899902,6370.169922
8/22/2025,63.65999985,97.72000122,3374.399902,6466.910156
8/25/2025,64.80000305,98.43000031,3373.800049,6439.319824
8/26/2025,63.25,98.23000336,3388.600098,6465.939941
8/27/2025,64.15000153,98.23000336,3404.600098,6481.399902
8/28/2025,64.59999847,97.80999756,3431.800049,6501.859863
8/29/2025,64.01000214,97.76999664,3473.699951,6460.259766
9/2/2025,65.58999634,98.40000153,3549.399902,6415.540039
9/3/2025,63.97000122,98.13999939,3593.199951,6448.259766
9/4/2025,63.47999954,98.34999847,3565.800049,6502.080078
9/5/2025,61.86999893,97.76999664,3613.199951,6481.5
9/8/2025,62.25999832,97.44999695,3638.100098,6495.149902
9/9/2025,62.63000107,97.79000092,3643.300049,6512.609863
9/10/2025,63.66999817,97.77999878,3643.600098,6532.040039
9/11/2025,62.36999893,97.54000092,3636.899902,6587.470215
9/12/2025,62.68999863,97.55000305,3649.399902,6584.290039
9/15/2025,63.29999924,97.30000305,3682.199951,6615.279785
9/16/2025,64.51999664,96.62999725,3688.899902,6606.759766
9/17/2025,64.05000305,96.87000275,3681.800049,6600.350098
9/18/2025,63.56999969,97.34999847,3643.699951,6631.959961
9/19/2025,62.68000031,97.63999939,3671.5,6664.359863
9/22/2025,62.63999939,97.33000183,3740.699951,6693.75
9/23/2025,63.40999985,97.26000214,3780.600098,6656.919922
9/24/2025,64.98999786,97.87000275,3732.100098,6637.970215
9/25/2025,64.98000336,98.55000305,3736.899902,6604.720215
9/26/2025,65.72000122,98.15000153,3775.300049,6643.700195
9/29/2025,63.45000076,97.91000366,3820.899902,6661.209961
9/30/2025,62.36999893,97.76999664,3840.800049,6688.459961
10/1/2025,61.77999878,97.70999908,3867.5,6711.200195
10/2/2025,60.47999954,97.84999847,3839.699951,6715.350098
10/3/2025,60.88000107,97.72000122,3880.800049,6715.790039
10/6/2025,61.68999863,98.11000061,3948.5,6740.279785
10/7/2025,61.72999954,98.58000183,3976.600098,6714.589844
10/8/2025,62.54999924,98.84999847,4043.300049,6753.720215
10/9/2025,61.50999832,99.54000092,3946.300049,6735.109863
10/10/2025,58.90000153,98.98000336,3975.899902,6552.509766
10/13/2025,59.49000168,99.26999664,4108.600098,6654.720215
10/14/2025,58.70000076,99.05000305,4138.700195,6644.310059
10/15/2025,58.27000046,98.79000092,4176.899902,6671.060059
10/16/2025,57.45999908,98.38999939,4280.200195,6629.069824
10/17/2025,57.54000092,98.43000031,4189.899902,6664.009766
10/20/2025,57.52000046,98.58999634,4336.399902,6735.129883
10/21/2025,57.81999969,98.93000031,4087.699951,6735.350098
10/22/2025,58.5,98.90000153,4044.399902,6699.399902
10/23/2025,61.79000092,98.94000244,4125.5,6738.439941
10/24/2025,61.5,98.94999695,4118.399902,6791.689941
10/27/2025,61.31000137,98.77999878,4001.899902,6875.160156
10/28/2025,60.15000153,98.69000244,3966.199951,6890.890137
10/29/2025,60.47999954,99.22000122,3983.699951,6890.589844
10/30/2025,60.56999969,99.52999878,4001.300049,6822.339844
10/31/2025,60.97999954,99.80000305,3982.199951,6840.200195
11/3/2025,61.04999924,99.87000275,4000.300049,6851.970215
11/4/2025,60.56000137,100.2200012,3947.699951,6771.549805
11/5/2025,59.59999847,100.1999969,3980.300049,6796.290039
11/6/2025,59.43000031,99.73000336,3979.899902,6720.319824
11/7/2025,59.75,99.59999847,3999.399902,6728.799805
11/10/2025,60.13000107,99.62000275,4111.799805,6832.430176
11/11/2025,61.04000092,99.45999908,4106.799805,6846.609863
11/12/2025,58.49000168,99.48000336,4204.399902,6850.919922
11/13/2025,58.68999863,99.18000031,4186.899902,6737.490234
11/14/2025,60.09000015,99.26999664,4087.600098,6734.109863
11/17/2025,59.90999985,99.58999634,4068.300049,6672.410156
11/18/2025,60.74000168,99.55000305,4061.300049,6617.319824
11/19/2025,59.43999863,100.2300034,4077.699951,6642.160156
11/20/2025,59.13999939,100.1600037,4056.5,6538.759766
11/21/2025,58.06000137,100.1800003,4076.699951,6602.990234
11/24/2025,58.84000015,100.1399994,4091.899902,6705.120117
11/25/2025,57.95000076,99.66000366,4139.200195,6765.879883
11/26/2025,58.65000153,99.59999847,4165.200195,6812.609863
11/28/2025,58.54999924,99.45999908,4218.299805,6849.089844
12/1/2025,59.31999969,99.41000366,4239.299805,6812.629883
12/2/2025,58.63999939,99.36000061,4186.600098,6829.370117
12/3/2025,58.95000076,98.84999847,4199.299805,6849.720215
12/4/2025,59.66999817,98.98999786,4211.799805,6857.120117
12/5/2025,60.08000183,98.98999786,4212.899902,6870.399902
12/8/2025,58.88000107,99.08999634,4187.200195,6846.509766
12/9/2025,58.25,99.22000122,4206.700195,6840.509766
12/10/2025,58.45999908,98.79000092,4196.399902,6886.680176
12/11/2025,57.59999847,98.34999847,4285.5,6901
12/12/2025,57.43999863,98.40000153,4300.100098,6827.410156
12/15/2025,56.81999969,98.15000153,4306.700195,6816.509766
12/16/2025,55.27000046,98.15000153,4304.5,6800.259766
12/17/2025,55.93999863,98.37000275,4347.5,6721.430176
12/18/2025,56.15000153,98.43000031,4339.5,6774.759766
12/19/2025,56.65999985,98.59999847,4361.399902,6834.5
12/22/2025,58.00999832,98.29000092,4444.600098,6878.490234
12/23/2025,58.38000107,97.94000244,4482.799805,6909.790039
12/24/2025,58.34999847,97.98000336,4480.600098,6932.049805
12/26/2025,56.74000168,98.01999664,4529.100098,6929.939941
12/28/2025,57.31999969,98.02100372,4539.700195,
